ForestArea,GridID
1580.8384100000,3684
1628.2537510000,3685
1451.5329190000,3686
436.8114600000,3714
1121.8728790000,3715
1468.2348770000,3716
1518.2688230000,3717
1546.6059320000,3718
490.4645350000,3740
883.5786000000,3741
1554.1095030000,3742
1678.1462800000,3743
1619.6585160000,3744
1550.4892170000,3745
1054.1306040000,3746
435.9479730000,3747
279.7100530000,3749
752.8690500000,3759
1387.3698440000,3760
1681.2850230000,3761
1716.8954360000,3762
1635.1888080000,3763
1557.4080930000,3764
1378.0817870000,3765
826.5419970000,3766
547.8917400000,3767
992.9926110000,3768
652.1789970000,3769
1117.5925360000,3770
1494.7749530000,3771
763.5299910000,3774
1265.6755490000,3775
1582.4321260000,3776
1710.7749550000,3777
1755.2572410000,3778
1739.3668900000,3779
1649.8021230000,3780
1488.9350570000,3781
1186.1981660000,3782
1137.4965220000,3783
1072.8266310000,3784
1008.6189010000,3785
1243.5625790000,3786
1451.2861880000,3787
884.7075250000,3788
1670.4376830000,3789
1779.1453840000,3790
1823.3203250000,3791
1771.1275820000,3792
1805.2952690000,3793
1807.6614500000,3794
1868.9963520000,3795
1855.0823070000,3796
1753.5194770000,3797
1622.2367160000,3798
1380.5200760000,3799
1381.5685800000,3800
1144.2017040000,3801
1194.1775280000,3802
1289.6509680000,3803
1873.5700770000,3804
1893.3458440000,3805
1800.3158780000,3806
1840.4082280000,3807
1792.8756470000,3808
1846.7146220000,3809
1790.6996770000,3810
1755.2647610000,3811
1730.7434720000,3812
1623.9899060000,3813
1613.8711850000,3814
1695.5101310000,3815
972.7013400000,3816
1868.7934610000,3817
1851.3736490000,3818
1841.4574380000,3819
1796.4585750000,3820
1868.3627030000,3821
1837.4103950000,3822
1826.8392000000,3823
1828.3294590000,3824
1803.0489730000,3825
1679.9792110000,3826
1524.0264610000,3827
1413.1411660000,3828
1835.7704210000,3829
1815.8335350000,3830
1854.6561210000,3831
1857.3252160000,3832
1815.7056340000,3833
1846.3556330000,3834
1835.6208660000,3835
1789.4909450000,3836
1753.2563030000,3837
1522.3657250000,3838
1283.9531670000,3839
1766.1526570000,3840
1843.4819150000,3841
1770.6528460000,3842
1728.9954140000,3843
1714.8103030000,3844
1789.1606590000,3845
1668.1693830000,3846
1255.7717170000,3847
1272.9366050000,3848
1532.4094770000,2788
1764.8039990000,2789
1699.2396510000,2790
1586.4811030000,2791
1716.2380020000,2884
1577.9887880000,2885
1370.7808600000,2886
1861.5632660000,2887
880.3210570000,2888
1668.9999260000,2889
873.1462270000,2890
1779.8791930000,2974
1494.2496720000,2975
1301.7424530000,2976
1664.6891180000,2977
1931.5923610000,2978
1868.1241730000,2979
2193.4795160000,2980
1426.1884310000,2981
1331.2203970000,2982
554.3136380000,3055
523.4121140000,3056
188.0652150000,3057
712.7244770000,3058
1837.9297840000,3059
1808.1309300000,3060
2129.3481390000,3061
1761.2206970000,3062
2158.1123750000,3063
1275.1155270000,3064
711.3104340000,3065
52.7467510000,3124
56.5873080000,3125
337.8139360000,3126
734.1683780000,3127
801.2601490000,3128
1590.5340360000,3129
2202.3085040000,3130
1706.3929830000,3131
1791.1826520000,3132
1503.0488600000,3133
1277.4801450000,3134
1512.1657850000,3135
1957.9882960000,3136
17.4054130000,3194
93.4393770000,3195
921.2658120000,3196
1308.8453860000,3197
1220.4948640000,3198
1864.8858910000,3199
821.9524320000,3200
1586.6940340000,3201
2050.0277040000,3202
1677.3316330000,3203
1971.5102930000,3204
2053.5832940000,3205
1255.3318550000,3206
13.7404340000,3265
174.9159690000,3266
701.1456930000,3267
1649.8114840000,3268
2011.1734230000,3269
2158.4331160000,3270
1785.7071000000,3271
757.5715870000,3272
1745.7616820000,3273
2062.6509840000,3274
1889.8439060000,3275
828.7611290000,3276
48.4814660000,3335
689.9356470000,3336
1659.8325620000,3337
2052.5858460000,3338
1939.3044410000,3339
934.3087970000,3340
950.3945330000,3341
1269.7171240000,3342
1413.3972910000,3343
497.7018350000,3391
1150.3138950000,3392
1061.9069340000,3393
1419.5488910000,3394
2130.0266860000,3395
1401.7418490000,3396
845.1603400000,3397
1016.1346110000,3398
716.8558080000,3399
832.6949800000,3438
1156.6852230000,3439
875.7454180000,3440
842.9829900000,3441
2102.7606020000,3442
1573.7285980000,3443
1431.8656870000,3444
1003.8152850000,3445
988.0862170000,3446
362.5591140000,3447
472.9172530000,3448
131.3562080000,3449
159.6700240000,3450
406.8995830000,3490
1317.9162020000,3491
1073.6196420000,3492
1123.8460860000,3493
779.1140770000,3494
263.2014220000,3495
375.6152260000,3496
1263.6466010000,3497
1058.8087750000,3498
1081.6165810000,3499
707.0130280000,3500
415.3882880000,3501
294.8459240000,3502
895.8357510000,3538
1893.4582310000,3539
2086.8635270000,3540
1930.3373270000,3541
615.0632710000,3542
426.8459240000,3543
1009.7781270000,3544
1093.6376810000,3545
516.2165900000,3546
116.8718380000,3547
368.9531890000,3548
1595.5506360000,3549
1657.4223720000,3550
731.4732440000,3577
1431.4210370000,3578
2046.0102320000,3579
1933.4886710000,3580
1790.0513500000,3581
314.1397920000,3582
14.5163230000,3583
9.7905760000,3584
47.5693810000,3585
53.3451260000,3586
68.4011380000,3587
479.1399620000,3588
1225.2176860000,3589
219.5171420000,3616
1337.2942850000,3617
1916.2900240000,3618
1910.3783920000,3619
1894.4367940000,3620
2048.9354980000,3621
1647.2109100000,3622
311.1321510000,3623
28.2334820000,3624
37.9820800000,3625
36.9838000000,3626
86.5313340000,3627
61.2769190000,3628
197.2062870000,3629
210.6383420000,3630
750.1082820000,3661
1681.5038400000,3662
1948.1888800000,3663
1882.7566870000,3664
1968.7270620000,3665
1999.9729990000,3666
1898.1092590000,3667
247.5058270000,3668
145.3173490000,3669
182.1086510000,3670
236.3228150000,3695
1252.0923090000,3696
1912.1575350000,3697
1918.9447630000,3698
1788.8509570000,3699
1907.7908680000,3700
1984.6668470000,3701
1599.1758930000,3702
124.5759580000,3724
397.9446290000,3725
732.9568510000,3726
916.6035040000,3727
1532.6852960000,3728
1392.3746220000,3729
1585.0470020000,3730
1740.2163180000,3731
1237.1233260000,3732
313.3818850000,3750
896.9914850000,3751
1603.7433640000,3752
1005.8797650000,3753
643.4345340000,3754
310.1527350000,3755
1067.8931530000,3772
41.4391620000,1271
20.3464140000,1272
56.6578050000,1273
37.9927640000,1274
60.0757950000,1275
523.9098880000,1354
7.4916920000,1355
19.2469430000,1356
39.7174880000,1357
44.2068470000,1358
9.8560340000,1359
5.5368640000,1360
25.2669410000,1361
25.9073520000,1362
155.9823030000,1437
3.9484710000,1438
3.1392420000,1439
45.9841620000,1440
36.8015600000,1441
16.4959940000,1442
2.6359170000,1443
0.8404880000,1444
3.9212700000,1445
17.3976790000,1446
36.3512590000,1447
7.3689120000,1448
15.1859640000,1449
47.9337920000,1450
14.2922570000,1451
2248.6540500000,1508
2280.3701640000,1509
1690.7586890000,1510
1222.8561440000,1511
1004.7551260000,1512
1118.2751310000,1513
1712.5733390000,1516
1456.5747710000,1517
2017.8039400000,1518
1231.3798710000,1519
325.2251410000,1520
82.7428600000,1521
5.9507560000,1522
21.4206090000,1523
11.9352350000,1524
21.8713000000,1525
8.5626740000,1526
6.3688050000,1527
3.1845580000,1528
41.9910080000,1529
23.7580960000,1530
22.3008130000,1531
2.1971760000,1532
4.9560980000,1533
6.6234670000,1534
3.5883570000,1535
0.0000000000,1583
19.0846850000,1584
324.7047180000,1585
295.3825160000,1586
80.5492280000,1587
289.7193860000,1588
238.4582240000,1589
146.8890300000,1590
1014.1717180000,1591
1800.8144390000,1592
547.6978370000,1593
950.5142830000,1594
164.6824630000,1595
150.9597640000,1596
28.3407690000,1597
427.9948530000,1598
876.9273340000,1599
527.5546870000,1600
871.0908090000,1601
188.6122860000,1602
55.2272630000,1603
110.0507780000,1604
282.8808810000,1605
14.1844970000,1606
1.4068600000,1607
6.0261990000,1608
42.4586490000,1609
13.0695280000,1610
15.6893080000,1611
23.5002830000,1612
26.7939780000,1613
14.3674060000,1614
25.3767130000,1615
7.6724960000,1616
51.2761660000,1617
0.4226550000,1666
102.3759550000,1667
269.3419980000,1668
335.9039260000,1669
81.1056910000,1670
0.8572090000,1671
0.8174640000,1672
7.3078180000,1673
679.9389960000,1675
709.0101850000,1676
466.1891600000,1677
295.6403200000,1678
1321.3451940000,1679
435.3161720000,1680
7.1859550000,1681
4.9637710000,1682
109.2517830000,1683
467.8466390000,1684
1092.8310090000,1685
911.6775870000,1686
507.9718520000,1687
47.9020030000,1688
4.8222390000,1689
2.1514240000,1690
1.4356430000,1691
2.2091060000,1692
1.1024530000,1693
0.7909210000,1694
17.2527470000,1695
7.1918400000,1696
77.9771570000,1697
22.2970300000,1698
10.6002860000,1699
13.9434780000,1700
90.2919520000,1751
325.1377710000,1752
20.1880430000,1762
226.2367010000,1763
2332.4870320000,1764
944.9634180000,1765
791.3352610000,1766
1450.4143000000,1767
174.7990510000,1768
117.5997470000,1769
948.6857630000,1770
1349.5194050000,1771
345.8614050000,1772
1121.7419580000,1773
789.8469500000,1774
144.7435620000,1775
1.4379930000,1776
0.3500810000,1777
0.8042480000,1778
0.6569070000,1779
2.3054980000,1780
10.3108370000,1781
85.2721800000,1782
61.8217190000,1783
2.1286020000,1784
12.3569030000,1785
0.9086080000,1848
1.2823740000,1849
864.7462250000,1850
2010.5509330000,1851
1129.6190070000,1852
2004.5039170000,1853
1112.0394240000,1854
753.1281380000,1855
972.3177890000,1856
63.0596360000,1857
1210.0770040000,1858
799.7897440000,1859
379.7992610000,1860
1071.3832260000,1861
60.9171240000,1862
25.7784550000,1863
0.3631550000,1864
1.0534150000,1865
39.0702880000,1866
56.2157480000,1867
182.8453850000,1868
24.9401510000,1869
110.0629110000,1870
36.0133000000,1871
0.9249150000,1872
1.1982730000,1873
0.9389630000,1937
67.6166780000,1938
769.5152130000,1939
612.1180100000,1940
523.9792550000,1941
71.6464510000,1942
220.0702170000,1943
923.3551560000,1944
521.5684380000,1945
1786.5657510000,1946
436.2093430000,1947
392.0396400000,1948
888.3605820000,1949
80.7151370000,1950
2.4790060000,1951
2.2909000000,1952
19.4034190000,1953
12.9662080000,1954
53.4779980000,1955
349.7070760000,1956
143.8211090000,1957
202.0382870000,1958
3.8068110000,1959
0.0722160000,1960
0.0000000000,1961
0.0180880000,1962
1.6344860000,1963
6.6282810000,2032
15.7061920000,2033
5.7603760000,2034
47.9023060000,2035
1077.7356280000,2036
100.6443820000,2037
702.4299390000,2038
616.0495120000,2039
694.1518650000,2040
1372.6620900000,2041
298.7453470000,2042
0.7349890000,2043
2.2534170000,2044
2.0883130000,2045
5.2609200000,2046
12.7114220000,2047
57.3094870000,2048
27.3159860000,2049
8.8885280000,2050
0.1971180000,2051
0.0179460000,2052
0.0895680000,2053
1.5052950000,2054
9.1923630000,2055
51.0147780000,2056
91.1993740000,2057
60.1301230000,2058
0.2311700000,2129
0.3803280000,2130
625.8297320000,2131
1727.0290620000,2132
363.8672580000,2133
127.2462150000,2134
866.6760790000,2135
679.0231270000,2136
747.1372810000,2137
0.8052040000,2138
2.9941960000,2139
13.2385180000,2140
8.3444180000,2141
6.1605390000,2142
27.2139590000,2143
16.2613750000,2144
4.0930450000,2145
6.5732130000,2146
19.7801050000,2147
22.8225060000,2148
4.3098730000,2219
31.2193670000,2220
666.0982810000,2221
548.1614320000,2222
774.1850120000,2223
450.5123680000,2224
613.5379520000,2225
681.2435180000,2226
212.4911210000,2227
0.2598960000,2228
1.8482480000,2229
0.0354130000,2230
0.0530580000,2231
1.5629740000,2232
6.8454310000,2233
7.3788270000,2234
0.3011460000,2235
557.1364570000,2310
362.0011540000,2311
89.9227440000,2312
592.3166820000,2313
1103.4849560000,2314
158.7319160000,2315
4.7644190000,2316
0.0000000000,2317
0.0000000000,2318
0.0699580000,2319
0.6444940000,2320
3.3991000000,2321
328.9914740000,2398
232.2859070000,2399
507.0517800000,2400
844.5980640000,2401
486.2438880000,2402
522.5885260000,2403
208.9836000000,2404
0.0175040000,2405
0.9617110000,2406
0.5053450000,2407
41.9509160000,2408
48.5327280000,2409
109.2924230000,2410
181.4392900000,2491
731.4202810000,2492
932.9252520000,2493
528.2805130000,2494
6.1315730000,2495
1.0059290000,2496
12.1299210000,2497
24.2677050000,2498
3.5830730000,2499
0.2268890000,2500
1.1231090000,2501
30.9756510000,2502
43.2028990000,2503
29.7055010000,2504
38.9466600000,2585
47.2288590000,2586
689.6251240000,2587
1075.9777030000,2588
441.0864390000,2589
59.1389730000,2590
445.1179280000,2591
309.2068760000,2592
238.4990410000,2593
114.8850150000,2594
98.2576110000,2595
52.6475440000,2596
210.9723800000,2597
546.8666390000,2598
368.9445340000,2599
236.6114050000,2600
354.3821980000,2601
428.5053200000,2687
151.3770420000,2688
48.3450840000,2689
9.7142090000,2690
285.2765710000,2691
711.4236740000,2692
1074.7643470000,2693
889.7980620000,2694
1034.1061380000,2695
2.4753890000,2770
285.0878660000,2771
252.7984950000,2772
955.9940630000,2773
945.4020520000,2774
727.8252000000,2775
682.1040370000,2776
819.2502480000,2777
567.3336880000,2778
181.5476960000,2779
87.5806300000,2780
52.9128230000,2781
32.2034010000,2782
4.0071530000,2783
27.0473570000,2784
6.9656550000,2785
11.5820500000,2786
673.7261770000,2787
1666.6249870000,2792
182.8648390000,2867
561.1593990000,2868
604.5167280000,2869
524.2484900000,2870
19.4396100000,2873
91.9952580000,2874
11.0707980000,2875
11.4070810000,2876
10.0843210000,2877
124.8216230000,2878
0.5434250000,2879
2.1512650000,2880
1.0235590000,2881
590.0196690000,2882
1695.5961300000,2883
549.5919030000,2959
568.1748360000,2960
10.3887510000,2965
4.0881230000,2966
13.1499590000,2967
85.9843470000,2968
4.0884590000,2969
0.0669360000,2970
4.9814960000,2971
355.4908440000,2972
1292.5059870000,2973
0.9128630000,3049
1.1240820000,3050
0.5637910000,3051
11.9936410000,3052
384.9091410000,3054
3.7256870000,3122
7.9932400000,3123
29.2711760000,2677
16.7838730000,2678
115.6285770000,2679
667.4461020000,2680
1283.8501600000,2681
1359.3016130000,2682
1404.9166500000,2683
1828.3416780000,2684
1348.2272550000,2685
980.9423400000,2686
2253.3087210000,37
1849.2561630000,38
1615.7268930000,39
2171.3004520000,44
1081.7624180000,51
891.3089480000,52
1143.5374400000,53
1217.6793330000,54
2145.1734480000,55
1386.3051110000,56
2488.8296350000,57
2567.9152810000,58
1949.5538760000,59
2393.3574160000,60
1617.7669860000,61
594.1062480000,62
1858.9171310000,65
2082.6647200000,66
2473.1552660000,67
2435.4229760000,68
2105.5173740000,69
2161.8330690000,70
1674.0904780000,71
1452.2450700000,72
1805.2879190000,73
2125.8526490000,79
1825.4938690000,80
736.2221170000,81
1791.4621080000,82
999.5916060000,83
593.2142560000,84
1928.3737560000,85
2374.0551630000,86
2343.2186790000,87
2251.7869900000,88
2263.9274400000,89
1066.2578580000,90
259.5288260000,91
587.0446630000,92
1195.2820270000,93
1619.4977020000,94
2016.9514880000,95
1275.8641590000,96
494.0551960000,98
2582.9627150000,99
1928.2939100000,100
2000.2869800000,102
1968.5913090000,103
2376.0381210000,104
2454.7935510000,105
1896.5679200000,106
1600.9993250000,107
1090.0769710000,108
646.9198140000,109
893.9798260000,110
931.2521320000,111
1702.4270740000,112
1631.3461340000,113
2009.0606880000,116
1735.9595070000,117
2032.2034690000,118
1752.5907710000,119
1504.0302920000,120
717.0220580000,121
1492.5338670000,122
1382.8923180000,123
1950.0917370000,124
2219.7611690000,125
2480.6284040000,126
2646.5979410000,127
1977.6006400000,128
1150.5733420000,129
2327.2359900000,130
2325.7731810000,131
1877.4341800000,132
2492.7749700000,133
2016.8554870000,134
1327.7391640000,135
780.8033110000,136
65.5144610000,137
2229.4147140000,138
2598.0999880000,139
1444.3470170000,141
1676.0118570000,142
1661.1316080000,143
2161.9321910000,144
2277.4733630000,145
1903.9768730000,146
2093.9206440000,147
1346.1743330000,148
725.5969810000,149
947.9994480000,150
1109.5914050000,151
1699.5475500000,152
2108.8613130000,153
2441.3350370000,154
2449.4326810000,155
2181.5941680000,156
2201.0784490000,157
2452.2830050000,158
2433.9939070000,159
1921.6918010000,160
1176.7314770000,161
1271.8132140000,162
2523.7484030000,163
2603.3716090000,164
2550.6438750000,165
2316.6237650000,166
2326.8168670000,167
2366.4989950000,168
2173.3729220000,169
2109.5507710000,170
2454.4451580000,171
1976.0524120000,172
1893.7818870000,173
1084.4709190000,174
2198.1218060000,175
2315.8959030000,176
1997.2935410000,177
690.5194820000,178
1305.2521640000,179
2707.1023370000,180
1991.2855090000,183
1411.1498490000,184
1603.4375010000,185
1561.2461220000,186
2049.9122360000,187
2204.8414190000,188
2038.3059070000,189
1750.7184660000,190
999.8465070000,191
1050.0650880000,192
819.9068200000,193
1536.9254330000,194
2050.6750630000,195
1882.4094490000,196
1992.7283020000,197
2441.1155270000,198
2441.8815760000,199
2384.7122620000,200
2504.7082750000,201
2186.0574950000,202
1824.8604600000,203
1220.2759330000,204
1644.6119080000,205
2270.6394260000,206
2037.7826960000,207
1780.8697540000,208
2150.4931180000,209
2482.6080090000,210
2398.6933950000,211
2427.8358840000,212
2040.1871080000,213
2436.6050970000,214
2402.0042420000,215
2038.5459730000,216
1989.7669070000,217
2186.9721540000,218
2509.9391000000,219
2432.2550570000,220
1401.1528880000,221
483.0076220000,222
751.2059690000,223
2639.3598810000,224
1734.8456810000,225
2342.3915970000,226
1713.6082920000,227
1036.7136400000,228
1785.8086070000,229
1510.5801580000,230
1435.4248830000,231
1795.5800430000,232
1657.9782070000,233
1808.2240130000,234
1119.0535100000,235
929.4424830000,236
742.8941510000,237
903.3582250000,238
1055.9947990000,239
1193.2196430000,240
1393.5454410000,241
1954.0316230000,242
2187.9088290000,243
2436.4565800000,244
2489.0778880000,245
2287.1515240000,246
2560.1294450000,247
2079.8883700000,248
2567.7757970000,249
1391.2194530000,250
2305.6681650000,251
1742.7803700000,252
2119.5150020000,253
2611.4259090000,254
2005.8065490000,255
2281.2398070000,256
2324.9699720000,257
2138.3176230000,258
1987.0526500000,259
2182.0340190000,260
2328.3223240000,261
2364.2665930000,262
2474.4173630000,263
2491.3411320000,264
2229.3786780000,265
1753.0831160000,266
890.5054070000,267
532.2897800000,268
1523.4950680000,269
873.2554740000,270
1863.6804530000,271
1635.1402500000,272
1498.6817870000,273
1281.1987440000,274
1112.1854790000,275
1732.2142740000,276
1246.5391400000,277
1835.2175500000,278
1380.7420230000,279
844.4302810000,280
732.2391490000,281
1227.9343070000,282
1028.2197900000,283
890.7734590000,284
744.7141850000,285
1634.7211320000,286
1597.4074810000,287
1558.1730800000,288
1786.1337250000,289
2529.4767040000,290
2553.5897750000,291
2480.0337190000,292
2660.9358610000,293
2245.1691430000,294
2049.7072050000,295
2063.0994780000,296
1425.9505580000,297
1044.5703280000,298
1768.6863440000,299
2065.2168620000,300
2421.6948650000,301
2559.6840870000,302
1566.3081970000,303
2265.3635270000,304
2089.4765640000,305
2395.4457330000,306
2426.2399810000,307
2653.2967350000,308
2490.5341500000,309
2384.4854870000,310
2233.1818600000,311
1133.2390060000,312
1200.6625290000,313
1796.2103450000,314
1476.3492040000,315
1104.3709810000,316
1264.7642650000,317
2133.0955400000,318
1393.3770060000,319
1381.8618030000,320
1494.5419210000,321
912.7155030000,322
1294.7266810000,323
1219.3772490000,324
1235.2623970000,325
928.5803780000,326
675.5760990000,327
1150.7008170000,328
1621.1740060000,329
1834.1478880000,330
1883.2914340000,331
2578.7077250000,332
2582.9319950000,333
2464.0520500000,334
2525.1082450000,335
2664.1961210000,336
2413.0742430000,337
1620.6554980000,338
1995.4199330000,339
1817.4615260000,340
1295.8829730000,341
2007.3890790000,342
2582.5726570000,343
2506.6905930000,344
1860.4025690000,345
1665.8347690000,346
1682.0465510000,347
1932.3076300000,348
2392.7527940000,349
2508.7273780000,350
2405.4140500000,351
2459.6221680000,352
2257.7408110000,353
1920.0870680000,354
1713.1586620000,355
1794.9106040000,356
1378.7861330000,357
1361.1008860000,358
1626.3089020000,359
1418.1671820000,360
1394.8237220000,361
1345.4555800000,362
895.4801200000,363
1334.3176810000,364
1117.8876830000,365
1057.0293350000,366
1247.5537360000,367
1555.4753500000,368
991.7655470000,369
1268.7927740000,370
1991.4491020000,371
1640.4232420000,372
2288.6862070000,373
2609.5713040000,374
2499.0201890000,375
2473.5935600000,376
2554.8560170000,377
1841.5084510000,378
1944.4869520000,379
819.1443140000,380
623.2765440000,381
519.7725660000,382
1662.5182310000,383
2215.9512250000,384
2587.8824640000,385
1809.8303560000,386
2103.0888640000,387
2125.6903380000,388
1709.6926460000,389
2445.2753120000,390
2558.9544750000,391
2465.8874270000,392
2403.6448060000,393
2360.4624600000,394
2451.4709440000,395
1152.3495270000,396
1756.0996170000,401
2087.0982870000,402
1564.3215310000,403
1463.9269450000,404
1613.8128740000,405
2010.3140810000,406
1841.5204420000,407
1488.4036850000,408
1062.6929540000,409
651.0296840000,410
855.4478890000,411
1460.0226350000,412
1211.3086300000,413
1032.4525410000,414
1217.1389960000,415
1561.7138210000,416
1838.9609480000,417
1898.3916630000,418
2191.2740930000,419
2084.1450440000,420
2299.2504260000,421
2190.8010760000,422
2456.6079510000,423
1324.5076430000,424
839.6551560000,425
600.5090340000,426
1053.5039600000,427
1049.6844240000,428
1456.3347560000,429
2202.8804380000,430
1954.6986710000,431
1356.4811350000,432
1396.2409110000,433
2207.4583720000,434
2302.6368680000,435
1941.8868780000,436
2477.3553970000,437
2474.7801630000,438
2316.1008500000,439
2397.3628030000,440
2487.0122770000,441
2189.5387210000,442
1409.8384620000,443
1473.6625950000,450
2077.9824620000,451
1899.0502970000,452
1652.8858300000,453
1623.6596980000,454
1398.3054620000,455
1522.2508730000,456
1585.3344910000,457
1093.7228900000,458
871.8200240000,459
973.2073860000,460
1679.9479560000,461
1839.7886710000,462
1446.6330270000,463
1770.0190450000,464
1740.0914890000,465
1121.2548010000,466
1572.8491650000,467
1827.3875740000,468
1765.2665290000,469
2222.5319150000,470
1769.0493990000,471
1964.1149370000,472
2118.7215100000,473
2349.3616150000,474
1600.7522140000,475
1219.3534810000,476
1027.6044760000,477
1411.4890490000,478
1454.5339730000,479
1729.1481470000,480
2159.6147320000,481
1858.5992560000,482
1394.1466930000,483
1818.2766210000,484
2082.4469100000,485
1902.5495030000,486
2485.0120560000,487
2536.7861980000,488
2254.4255920000,489
2358.9383400000,490
2546.3625380000,491
2489.4145670000,492
2210.9030590000,493
1775.6808850000,510
1852.5127340000,511
1949.6392490000,512
1797.8518840000,513
2048.0368030000,514
2012.7517070000,515
2025.7844700000,516
1373.6353340000,517
1127.4521170000,518
1265.2390230000,519
1779.5215930000,520
2368.1568840000,521
2379.9504210000,522
2185.0932310000,523
2357.8872200000,524
1764.5244390000,525
1826.3632540000,526
2000.7438600000,527
1645.9756070000,528
1143.5557040000,529
2182.5999760000,530
1487.7895350000,531
1776.4963070000,532
1723.3638150000,533
2055.2149230000,534
1973.7711960000,535
1982.4027330000,536
1378.8438120000,537
815.8922850000,538
950.9814590000,539
2011.1072450000,540
1998.6679940000,541
1492.4865480000,542
307.5087290000,543
707.2547390000,544
635.6179960000,545
932.8656400000,546
1944.2892740000,547
2272.4202850000,548
2483.0271000000,549
2431.1324550000,550
2538.1265670000,551
2553.5041120000,552
2407.4570450000,553
1428.7210690000,554
354.5701310000,555
1081.9941450000,582
1269.9722120000,583
1089.1506700000,584
1424.8521120000,585
1102.4521460000,586
1921.7652640000,587
1931.3544710000,588
1859.5194890000,589
1709.3814290000,590
1389.8159970000,591
2056.9210050000,592
2540.8073400000,593
2422.2101930000,594
1854.2671820000,595
2335.5931720000,596
2627.3340620000,597
2644.0690070000,598
2380.2716510000,599
2106.7987730000,600
1701.2946580000,601
1405.4935710000,602
1787.6313040000,603
1374.1821350000,604
1985.7692950000,605
2426.6368920000,606
2555.3394010000,607
2422.5223930000,608
2132.6226190000,609
1116.2134380000,610
129.3584770000,611
1358.7889020000,612
2108.4302150000,613
2539.5827790000,614
2353.1044660000,615
1130.1381290000,616
299.4979310000,617
39.8673710000,618
365.9695300000,619
1357.6444670000,620
1746.6690080000,621
1473.4853600000,622
2220.2639830000,623
2459.1084980000,624
2352.8334630000,625
2391.4360010000,626
2437.2395860000,627
1678.6581830000,628
454.9672090000,647
1228.1000730000,648
333.8972170000,656
667.9122030000,657
1125.0846210000,658
982.7074070000,659
1630.3224520000,660
336.0593600000,661
1464.7471060000,662
1506.3242800000,663
1072.0635510000,664
1805.2723200000,665
1593.8401860000,666
2434.6664590000,667
2325.6333200000,668
1874.4836410000,669
992.9504840000,670
821.4978080000,671
1521.2629260000,672
1707.3847130000,673
2034.0640520000,674
2350.9943940000,675
2024.8797780000,676
1849.6635460000,677
2273.2592050000,678
2127.0210490000,679
2195.5020580000,680
2242.9749060000,681
2353.0119680000,682
1920.4639780000,683
500.5024500000,684
13.0230940000,685
45.2301090000,686
513.6908910000,687
1781.8366750000,688
1895.1486070000,689
2297.5149740000,690
2256.2350260000,691
802.1991890000,692
71.1591630000,693
142.5839060000,694
1361.1118760000,695
2352.1841950000,696
2386.2900420000,697
1968.6778340000,698
1172.0355490000,699
1399.9650310000,700
1560.5476510000,701
2196.0595560000,702
1996.1660510000,703
34.3856030000,722
223.3792570000,723
711.6326500000,724
1266.4620590000,725
1396.7174030000,726
430.1038820000,729
25.4886450000,730
62.2417110000,731
171.0335110000,732
560.4935610000,733
839.1213510000,734
1080.0987760000,735
1060.4161250000,736
210.7928560000,737
864.2875670000,738
1490.1556440000,739
714.9312100000,740
1981.5209130000,741
2062.5903630000,742
2594.6025200000,743
1412.1013790000,744
1724.6326330000,745
691.9858210000,746
562.3890080000,747
1496.2396720000,748
1210.1406030000,749
1208.6281240000,750
2007.8498190000,751
2315.8566680000,752
2115.8151020000,753
2080.8897600000,754
2082.5004930000,755
2271.6589840000,756
2251.5769920000,757
2319.7628880000,758
1816.7280420000,759
420.3541700000,760
19.6394860000,761
164.8650030000,762
416.7235410000,763
1479.8438690000,764
1983.3156300000,765
2131.8334390000,766
1804.0755510000,767
1196.6696240000,768
693.3066740000,769
1629.1178170000,770
2411.0660130000,771
2564.8017400000,772
2313.8986490000,773
2211.1992490000,774
2207.3571400000,775
2222.6032410000,776
1806.6587980000,777
1986.6642680000,778
2184.8677340000,779
1298.6885250000,780
45.6707220000,803
415.5005080000,804
812.1431570000,805
564.6130690000,806
1079.4965120000,807
1359.4837960000,808
872.7012640000,809
243.5742810000,810
95.9255700000,811
172.8583330000,812
103.9698350000,813
370.9673940000,814
700.1090660000,815
1126.2076140000,816
149.3988160000,817
150.5963040000,818
1385.8709520000,819
1511.7368190000,820
643.3012110000,821
1701.1778020000,822
2487.6311670000,823
2248.6046430000,824
1046.0529260000,825
1461.2845670000,826
805.6886780000,827
1132.9936710000,828
1334.2684160000,829
1117.7109020000,830
1650.8008520000,831
1277.5518410000,832
1569.1163290000,833
2150.5491460000,834
2328.4147800000,835
2405.8897960000,836
2331.4953200000,837
2523.2465360000,838
2592.4198440000,839
2481.6356310000,840
638.9377670000,841
4.0238030000,842
5.9537850000,843
8.1466600000,844
64.8466040000,845
169.3385280000,846
607.7657230000,847
376.4428980000,848
562.5262410000,849
159.5012400000,850
659.5926530000,851
2292.0397460000,852
2496.1776160000,853
2239.2099920000,854
2318.5196650000,855
2481.1900770000,856
2051.8143600000,857
1139.6779340000,858
714.2679710000,859
972.3728440000,860
343.6742730000,861
5.0516030000,886
23.3153870000,887
174.2951700000,888
453.2283730000,889
242.0329130000,890
147.5892920000,891
135.4078450000,892
177.0569340000,893
117.7422830000,894
91.6350520000,895
145.0614070000,896
50.1264690000,897
385.6621110000,898
894.8966300000,899
95.7477010000,900
1084.3509750000,901
1245.1884850000,902
1088.8659530000,903
1162.9004350000,904
1601.1813330000,905
2095.0814570000,906
2345.1469330000,907
466.8014380000,908
640.8364830000,909
1048.1065050000,910
1082.4005150000,911
872.9873060000,912
776.7464860000,913
1305.3622490000,914
1561.6994700000,915
1603.6698980000,916
1493.6033910000,917
2108.2191330000,918
2369.0246540000,919
2135.9353880000,920
2347.8851160000,921
2411.8089410000,922
1899.9116380000,923
298.4374970000,924
11.3598020000,925
2.1367480000,926
2.9384590000,927
24.1021450000,928
40.9899670000,929
22.9725320000,930
403.4403130000,931
1550.4246910000,932
1899.0794110000,933
496.1881700000,934
627.8926680000,935
1667.1080710000,936
2002.0616070000,937
2184.6417970000,938
2369.5378740000,939
2032.7513800000,940
312.9568540000,941
46.8775160000,942
225.4885120000,973
403.1001620000,974
537.7833010000,975
416.3725520000,976
252.8629450000,977
496.2398840000,978
904.2728620000,979
100.6573020000,980
127.8969260000,981
661.7408570000,982
377.9162410000,983
37.5411610000,984
494.2268920000,985
559.4780110000,986
646.9352560000,987
1228.5672790000,988
1339.5521580000,989
1136.4804040000,990
1881.9976050000,991
1673.4774670000,992
190.2938270000,993
523.7918860000,994
1275.7413740000,995
1315.9269890000,996
685.4407690000,997
1154.3979100000,998
1120.8884470000,999
1278.6959690000,1000
1317.7169070000,1001
1032.1435400000,1002
1655.6580650000,1003
1320.8682960000,1004
1759.8540120000,1005
2048.2404590000,1006
2437.3191900000,1007
2109.1485160000,1008
807.1596630000,1009
507.0879730000,1010
908.8196060000,1011
15.2953500000,1012
377.9700540000,1013
254.0126550000,1014
1183.6119320000,1015
2145.7681830000,1016
2373.5540590000,1017
1861.8055120000,1018
413.6293550000,1019
367.5042330000,1020
666.7309280000,1021
379.3435160000,1022
808.3707950000,1023
1068.3184450000,1024
182.3602950000,1025
97.2697860000,1026
36.7169240000,1027
1.7113100000,1028
101.6040840000,1060
81.9360940000,1061
4.2311080000,1062
90.7666410000,1063
693.7548070000,1064
924.9912640000,1065
164.9147150000,1066
26.0267040000,1067
13.8644240000,1068
11.8782710000,1069
0.8216260000,1070
17.7577830000,1071
98.3603540000,1072
271.8838580000,1073
599.5871540000,1074
1084.2860800000,1075
1107.1042770000,1076
1741.6480020000,1077
2069.4602230000,1078
1687.0856730000,1079
326.0210570000,1080
906.3447880000,1081
1081.1634660000,1082
1505.8245690000,1083
1894.8007840000,1084
1969.6400640000,1085
2082.1412310000,1086
2180.3992500000,1087
2337.8873190000,1088
2428.7516470000,1089
2303.1340190000,1090
2513.4811260000,1091
2547.1166340000,1092
2535.6630380000,1093
2365.7783590000,1094
488.1981540000,1095
1293.7256600000,1096
1461.7343800000,1097
333.3605160000,1098
962.4634770000,1099
1333.8864440000,1100
1769.7211440000,1101
2114.0041840000,1102
1264.9006090000,1103
334.4721060000,1104
54.0298370000,1105
242.1759530000,1106
191.1171330000,1107
239.8528630000,1108
238.7651280000,1109
41.3563250000,1110
82.2760520000,1111
24.3055260000,1112
7.4988890000,1113
11.0202820000,1114
118.0686260000,1150
277.5383070000,1151
586.3396030000,1152
116.1434360000,1153
177.6900830000,1154
4.0971360000,1155
1.5668710000,1158
22.3884990000,1159
154.9723900000,1160
674.0046620000,1161
1075.9428460000,1162
830.9464840000,1163
1489.1039860000,1164
2010.9085040000,1165
2561.7379960000,1166
2216.0642240000,1167
1833.2269520000,1168
1787.5280700000,1169
1963.3106580000,1170
2108.8385680000,1171
2244.2313590000,1172
2449.6078160000,1173
2445.3915760000,1174
2519.5175820000,1175
2506.1822640000,1176
2294.8080660000,1177
2136.2683300000,1178
2264.9426240000,1179
2419.5231040000,1180
1516.0736080000,1181
115.1686490000,1182
305.7909440000,1183
797.3847210000,1184
1464.9844340000,1185
720.7806390000,1186
101.8808950000,1187
92.7285980000,1188
148.8739970000,1189
4.3681140000,1190
0.9312010000,1191
5.2426210000,1192
117.2832250000,1193
400.3112740000,1194
148.7831980000,1195
252.3666750000,1196
19.7253960000,1197
59.0012780000,1198
27.8634400000,1199
14.4580790000,1200
30.6882510000,1236
32.8676090000,1237
142.7742290000,1238
62.7124080000,1239
37.3604770000,1248
821.6924690000,1249
1055.3797360000,1250
2088.2595600000,1251
2382.7888010000,1252
1968.7001840000,1253
1517.1517690000,1254
2105.7731720000,1255
2366.7714370000,1256
2391.9282240000,1257
2417.9821930000,1258
2043.9884260000,1259
1493.5599420000,1260
1595.6463260000,1261
1932.5301930000,1262
2206.6514340000,1263
1928.6564980000,1264
1314.6682850000,1265
256.7730070000,1266
1.6363230000,1267
38.6068980000,1268
752.5262520000,1269
672.0929220000,1270
33.0063240000,1276
58.7069910000,1277
189.6178930000,1278
381.0664050000,1279
107.2229470000,1280
13.8820110000,1281
15.9522650000,1282
25.2926260000,1283
10.4700000000,1284
103.5571910000,1333
921.4373610000,1334
1681.8948750000,1335
1249.0169770000,1336
1451.8288900000,1337
2139.4883290000,1338
1694.5129620000,1339
1409.7788250000,1340
976.1019410000,1341
1439.5601370000,1342
2038.5719890000,1343
2019.7145940000,1344
1571.7149010000,1345
1604.3330830000,1346
1683.3278300000,1347
1869.6363180000,1348
953.7569270000,1349
348.9530680000,1350
289.1984220000,1351
40.1799150000,1352
149.1251950000,1353
61.6326230000,1363
43.4288700000,1364
64.1047240000,1365
28.8546970000,1366
8.4756060000,1367
24.2029120000,1368
651.9637360000,1417
1442.6279320000,1418
1653.1447250000,1419
750.4402450000,1420
739.6955160000,1421
1241.6658260000,1422
1842.1030460000,1423
2484.4785610000,1424
2502.9168350000,1425
2477.0394540000,1426
2502.0793710000,1427
2469.4620350000,1428
2101.6363370000,1429
1834.3862340000,1430
1959.8410390000,1431
2211.2380200000,1432
2201.9208000000,1433
2364.3385520000,1434
1918.6174500000,1435
804.4260770000,1436
51.6595290000,1500
820.0903120000,1501
1119.3396720000,1502
751.8903060000,1503
554.7197480000,1504
252.3634590000,1505
1318.4756540000,1506
1883.6375660000,1507
1993.1551600000,1514
1710.1982400000,1515
487.3552560000,1
1954.0286500000,2
2136.9266940000,3
547.2086340000,4
2546.3259020000,5
2768.4064190000,6
2446.5389080000,7
1062.3263110000,8
2161.0842820000,9
1622.9479940000,10
1610.7012890000,11
574.4809720000,12
342.5799000000,13
138.6267650000,14
169.9328460000,15
1278.9395780000,16
1369.4120930000,17
1618.1364830000,18
1743.2435480000,19
130.9422620000,20
174.4810860000,21
194.9446210000,22
200.4029740000,23
671.3163130000,24
1193.9091140000,25
2232.0882380000,26
2444.1377180000,27
2702.5984920000,28
1805.7588760000,29
1797.6052790000,30
2264.8045490000,31
1021.7656310000,32
1455.3475550000,33
1721.0136940000,34
1513.9843770000,35
1545.4505450000,36
1261.1561460000,40
573.9972230000,41
713.8912220000,42
1912.4610690000,43
2513.6597180000,45
2523.0658310000,46
2124.4215910000,47
1582.0891570000,48
1172.3055410000,49
1781.9660810000,50
448.2540050000,63
1850.0123340000,64
1710.7536510000,74
1475.6380170000,75
1201.2047350000,76
1452.1867030000,77
1933.1867660000,78
697.4421850000,97
2097.6320680000,101
2070.0445790000,114
2318.6710050000,115
658.1019370000,140
1493.7765730000,181
2080.9187320000,182
0.0000000000,397
0.0000000000,398
0.0000000000,399
0.0000000000,400
36.2122330000,444
32.4591750000,445
0.0000000000,446
0.0000000000,447
0.0000000000,448
0.0000000000,449
245.6858110000,498
272.7226270000,499
69.8613770000,500
31.5983810000,501
12.1508940000,502
0.0000000000,503
0.0000000000,504
0.0000000000,505
0.0000000000,506
0.0000000000,507
32.2593180000,508
1096.9818170000,509
630.2598510000,572
251.7705050000,573
14.9498050000,574
0.0000000000,575
0.0000000000,576
0.0000000000,577
67.0890480000,578
666.6861660000,579
1262.8371420000,580
413.0731060000,581
857.5193650000,649
204.4663070000,650
1027.9284640000,651
227.2793160000,652
193.6587090000,653
687.0690010000,654
529.0350850000,655
1583.7050910000,727
1166.3888100000,728
336.0259920000,1674
44.7187950000,1750
90.5737770000,1753
14.7749550000,1754
79.9985660000,1755
1.2620150000,1756
0.2377540000,1757
0.4693940000,1758
310.5027590000,1759
125.0229790000,1760
8.2461900000,1761
1.6498990000,1836
18.4397220000,1837
20.1203850000,1838
111.4502090000,1839
0.7505630000,1840
62.3317170000,1841
44.7325110000,1842
0.4893870000,1843
0.2902280000,1844
3.1021070000,1845
8.9974920000,1846
0.2907610000,1847
1.0826900000,1923
0.7745250000,1924
0.5180350000,1925
42.2011000000,1926
367.3291440000,1927
1.8701610000,1928
0.0000000000,1929
0.5685610000,1930
10.0482560000,1931
0.6853780000,1932
0.5415820000,1933
0.0000000000,1934
0.0000000000,1935
0.0901920000,1936
3.8376310000,2016
21.9314200000,2017
366.4778550000,2018
234.5859780000,2019
110.7270490000,2020
1.0924270000,2021
1.9548150000,2022
1.0939140000,2023
0.0000000000,2024
0.0000000000,2025
4.2567720000,2026
0.0000000000,2027
0.0000000000,2028
0.4303150000,2029
4.6444440000,2030
9.6484090000,2031
0.0000000000,2118
0.2672890000,2119
0.0890620000,2120
3.1027080000,2121
0.0000000000,2122
0.0000000000,2123
0.1244080000,2124
0.4094270000,2125
0.4090010000,2126
0.9239440000,2127
0.0357080000,2128
0.0000000000,2210
0.2122960000,2211
0.0000000000,2212
0.0000000000,2213
0.0531870000,2214
0.0177290000,2215
1.7174480000,2216
9.7422520000,2217
23.8181410000,2218
81.7076350000,2298
20.2119990000,2299
1.3181200000,2300
0.0000000000,2301
0.0000000000,2302
0.0000000000,2303
0.0000000000,2304
0.0000000000,2305
13.2698780000,2306
4.4409760000,2307
3.7271870000,2308
362.8410000000,2309
57.5966870000,2385
92.5566780000,2386
0.1394650000,2387
0.0000000000,2388
0.0000000000,2389
0.0000000000,2390
0.0000000000,2391
0.6285610000,2392
0.7857420000,2393
2.3167410000,2394
1.7346940000,2395
44.6473940000,2396
85.2488570000,2397
0.0173370000,2476
0.3120090000,2477
0.0000000000,2478
0.0000000000,2479
0.0000000000,2480
0.2937570000,2481
1.7334670000,2482
0.7289480000,2483
0.2254270000,2484
2.9354520000,2485
31.3199020000,2486
28.7867950000,2487
14.8466310000,2488
91.7033510000,2489
239.1927720000,2490
0.0000000000,2571
0.0000000000,2572
0.0000000000,2573
0.0000000000,2574
0.0000000000,2575
0.0344910000,2576
0.0514160000,2577
0.5661070000,2578
1.0304330000,2579
3.4413010000,2580
3.6399950000,2581
10.4970810000,2582
5.1373300000,2583
96.4371690000,2584
0.0849630000,2754
0.1017980000,2755
0.1524420000,2756
0.2029490000,2757
0.1677470000,2759
0.0000000000,2760
0.2547920000,2761
20.2790570000,2762
127.9039710000,2763
96.7791250000,2764
125.4002280000,2765
7.9614690000,2766
0.0847870000,2767
0.1358780000,2768
3.6242640000,2769
0.0000000000,2853
0.0000000000,2854
0.0167640000,2855
0.3536890000,2856
0.0168720000,2857
0.0000000000,2858
0.2023510000,2859
0.0000000000,2860
0.0000000000,2861
0.0000000000,2862
0.0000000000,2863
0.0843110000,2864
0.6579300000,2865
13.0675400000,2866
1097.6352590000,2871
391.4825520000,2872
0.0000000000,2948
0.0666480000,2949
0.0000000000,2950
0.0000000000,2951
0.0000000000,2952
0.0000000000,2953
0.0334540000,2954
0.3679980000,2955
0.0000000000,2956
0.6019140000,2957
92.7831920000,2958
274.5991840000,2961
84.5873290000,2962
17.8799850000,2963
38.1729660000,2964
0.0000000000,3032
0.0000000000,3033
0.0000000000,3034
0.0000000000,3035
0.0997030000,3036
0.1984860000,3037
0.7791950000,3038
4.5001450000,3039
359.3178360000,3040
259.7157680000,3041
12.4415450000,3042
4.2867340000,3043
5.5973010000,3044
4.2382490000,3045
0.0662380000,3046
0.0000000000,3047
0.9299880000,3048
29.6311080000,3053
0.0000000000,3101
0.0000000000,3102
0.0000000000,3103
0.0163780000,3104
0.0329210000,3105
0.2463570000,3106
0.9697730000,3107
0.6453720000,3108
73.0756880000,3109
93.0344340000,3110
1.7418790000,3111
0.4438920000,3112
1.7593080000,3113
4.1498550000,3114
0.1007080000,3115
0.0000000000,3116
0.0000000000,3117
0.0000000000,3118
0.0987040000,3119
0.0000000000,3120
3.7022910000,3121
0.0000000000,3172
0.0000000000,3173
0.0326950000,3174
0.0000000000,3175
0.1302400000,3176
0.1627210000,3177
151.7793450000,3178
213.3864390000,3179
0.9958780000,3180
3.5536540000,3181
2.4421900000,3182
2.1463430000,3183
1.2376930000,3184
0.0000000000,3185
0.0000000000,3186
0.0325840000,3187
0.2117770000,3188
0.0000000000,3189
0.2120210000,3190
2.3877570000,3191
0.7491530000,3192
2.5618100000,3193
0.0000000000,3241
0.0000000000,3242
0.0000000000,3243
0.0321990000,3244
0.0161930000,3245
0.5498200000,3246
0.3553340000,3247
9.0481590000,3248
20.1829580000,3249
63.6236100000,3250
53.1067920000,3251
2.8897210000,3252
2.3798500000,3253
0.0161870000,3254
0.0161650000,3255
0.0000000000,3256
0.0000000000,3257
0.3553800000,3258
0.4999560000,3259
0.6977140000,3260
0.4196110000,3261
0.0810460000,3262
0.0000000000,3263
0.8752370000,3264
0.0000000000,3308
0.0000000000,3309
0.0000000000,3310
0.0320520000,3311
0.0000000000,3312
0.0000000000,3313
0.0160890000,3314
0.0000000000,3315
0.0000000000,3316
0.0000000000,3317
11.7749650000,3318
54.9097680000,3319
119.2726150000,3320
8.9543860000,3321
2.0021720000,3322
0.7857770000,3323
0.0479560000,3324
0.0000000000,3325
0.0321120000,3326
0.0942920000,3327
0.7879830000,3328
1.0575800000,3329
0.0321100000,3330
0.0642530000,3331
0.0000000000,3332
0.6096040000,3333
35.3929530000,3334
0.0000000000,3366
0.0000000000,3367
0.0000000000,3368
0.0000000000,3369
0.0000000000,3370
0.0000000000,3371
0.0000000000,3372
0.0000000000,3373
6.6890320000,3374
40.5026990000,3375
59.8198750000,3376
14.9407800000,3377
3.7837780000,3378
0.5249980000,3379
0.0000000000,3380
0.0318460000,3381
0.1590010000,3382
3.3289630000,3383
0.1903220000,3384
0.2867500000,3385
4.6904680000,3386
0.1115000000,3387
0.1111360000,3388
5.9249190000,3389
12.4682330000,3390
0.0000000000,3416
0.0157240000,3417
0.0000000000,3418
0.0630600000,3419
0.0314500000,3420
0.0157180000,3421
0.0000000000,3422
0.8611590000,3423
0.2519820000,3424
1.6741290000,3425
0.7671020000,3426
0.0470900000,3427
0.0000000000,3428
0.9607820000,3429
0.0948960000,3430
0.3153350000,3431
1.2897290000,3432
3.1906910000,3433
0.1576170000,3434
3.0713460000,3435
1.9654010000,3436
6.2459850000,3437
0.0000000000,3467
0.0000000000,3468
0.1097240000,3469
0.0000000000,3470
0.0000000000,3471
0.0155800000,3472
0.1250200000,3473
0.2031320000,3474
1.1714090000,3475
3.1074390000,3476
5.2149240000,3477
3.0072030000,3478
0.0156310000,3479
0.0156600000,3480
0.4207960000,3481
22.6428140000,3482
6.4684160000,3483
0.4067740000,3484
0.0000000000,3485
0.0622010000,3486
0.6828430000,3487
5.9836090000,3488
52.8074920000,3489
88.3973490000,3506
3.9447000000,3517
47.1180000000,3518
0.0926900000,3519
0.2008260000,3520
0.2934330000,3521
67.4087830000,3522
177.4990140000,3523
107.5303210000,3524
88.5665140000,3525
42.7868060000,3526
1.0958640000,3527
0.0308350000,3528
0.6954540000,3529
1.5472010000,3530
4.9694900000,3531
0.4164390000,3532
4.4779690000,3533
0.1548300000,3534
3.3377470000,3535
9.7960680000,3536
72.2492410000,3537
4.3537750000,3552
13.0583860000,3553
187.1684710000,3560
298.9566340000,3561
1080.0300480000,3562
891.2345410000,3563
410.3602680000,3564
265.7309520000,3565
42.9589870000,3566
0.4885960000,3567
0.1996370000,3568
8.6467240000,3569
8.9391240000,3570
1.3305870000,3571
1.9827460000,3572
0.0459210000,3573
1.7977360000,3574
13.7912720000,3575
105.7897820000,3576
0.1826940000,3590
0.0762030000,3591
3.8807660000,3592
8.1675960000,3595
170.7261110000,3596
725.9119540000,3597
532.6915530000,3598
158.0103120000,3599
21.7553310000,3600
371.2142920000,3601
1251.5302030000,3602
1248.7880630000,3603
1130.2253900000,3604
550.7229440000,3605
242.7011800000,3606
3.6690250000,3607
1.6273430000,3608
11.0090660000,3609
4.5813340000,3610
5.1344300000,3611
0.2426670000,3612
0.8043880000,3613
18.0805670000,3614
37.7435280000,3615
1.3224670000,3631
20.7781170000,3632
33.1391730000,3633
136.0054690000,3634
320.8153550000,3635
245.4473370000,3636
254.2964530000,3637
0.0300520000,3638
0.0000000000,3639
0.0000000000,3640
0.0000000000,3641
0.0752900000,3642
0.0753150000,3643
0.0603330000,3644
19.8548370000,3645
524.7574570000,3646
922.7599580000,3647
1489.4274090000,3648
1547.2540600000,3649
1352.9314870000,3650
1124.3620330000,3651
270.5838280000,3652
14.2568910000,3653
2.2150200000,3654
14.4139310000,3655
1.5801250000,3656
6.3831360000,3657
85.6487840000,3658
109.5826140000,3659
212.8290980000,3660
481.5970700000,3671
612.7127550000,3672
441.8993350000,3673
0.0000000000,3674
0.0000000000,3675
0.4011660000,3676
0.2382750000,3677
0.0000000000,3678
0.5942260000,3679
0.4461090000,3680
30.7762320000,3681
308.1375620000,3682
1177.9439860000,3683
1310.2723650000,3687
400.1812270000,3688
21.6559460000,3689
11.0919920000,3690
8.0626720000,3691
47.7129780000,3692
251.8394670000,3693
246.1532320000,3694
250.9613840000,3703
70.9994070000,3704
0.0000000000,3705
0.0000000000,3706
0.0000000000,3707
2.3563560000,3708
0.0000000000,3709
0.0735710000,3710
0.6626100000,3711
4.3336360000,3712
80.7334220000,3713
1359.2089230000,3719
543.0628760000,3720
115.6464200000,3721
133.4884180000,3722
41.2921650000,3723
0.0145340000,3733
0.0291800000,3734
0.3358070000,3735
2.3704710000,3736
0.5494740000,3737
0.2732020000,3738
64.4955960000,3739
77.7240860000,3748
4.0831420000,3756
19.7514900000,3757
89.2346740000,3758
287.2705350000,3773
0.2559490000,2662
0.0000000000,2664
0.0000000000,2665
0.0681400000,2666
4.2418880000,2667
1.0574870000,2668
3.4315940000,2669
118.0442140000,2670
24.5910140000,2671
27.8214940000,2672
105.3231150000,2673
7.4899910000,2674
0.5364510000,2675
50.2513140000,2676
0.0000000000,1826
0.0181950000,1827
0.0181850000,1828
0.0544250000,1829
0.3080590000,1830
0.0000000000,1879
0.0000000000,1880
0.0000000000,1881
0.0000000000,1882
0.0000000000,1883
0.0000000000,1884
0.0000000000,1886
0.0000000000,1887
0.0000000000,1888
0.0000000000,1889
0.0000000000,1904
0.0000000000,1905
0.0000000000,1906
0.0000000000,1907
0.0000000000,1908
0.0000000000,1909
0.0000000000,1910
0.0000000000,1911
0.0000000000,1912
0.0000000000,1913
0.0000000000,1914
0.0000000000,1915
0.0000000000,1916
0.0000000000,1917
0.0000000000,1918
0.1079890000,1919
0.3423870000,1921
1.8762820000,1922
0.0717660000,1966
4.7745740000,1967
0.1074870000,1968
0.0000000000,1969
0.0358830000,1970
0.0000000000,1971
0.0000000000,1972
0.0895100000,1973
0.0000000000,1974
0.0000000000,1975
0.0000000000,1976
0.0000000000,1977
0.0000000000,1978
0.0000000000,1979
0.0000000000,1980
0.0000000000,1981
0.0000000000,1982
0.0000000000,1983
0.0000000000,1984
0.0000000000,1985
0.0000000000,1995
0.0000000000,1996
0.0000000000,1997
0.0000000000,1998
0.0357620000,1999
0.0536710000,2000
0.0000000000,2001
0.0000000000,2002
0.0000000000,2003
0.0000000000,2004
0.0000000000,2005
0.0000000000,2006
0.0178620000,2007
0.0000000000,2008
0.0000000000,2009
0.0539270000,2010
0.1078570000,2011
0.0179460000,2012
0.0000000000,2013
0.0536570000,2014
0.0000000000,2015
0.5685600000,2060
1.1528490000,2061
1.7588600000,2062
0.0000000000,2063
0.0000000000,2064
0.0177700000,2065
0.0000000000,2066
0.0000000000,2067
0.0000000000,2068
0.0000000000,2069
0.0000000000,2070
0.0000000000,2071
0.0000000000,2072
0.0000000000,2073
0.0000000000,2074
0.0000000000,2075
0.0000000000,2076
0.0000000000,2077
0.0000000000,2078
0.0000000000,2079
0.0000000000,2080
0.0000000000,2082
0.0713680000,2089
0.0000000000,2090
0.0000000000,2091
0.0000000000,2092
0.0000000000,2093
0.0000000000,2094
0.0000000000,2095
0.0355480000,2096
0.0000000000,2097
0.0000000000,2098
0.0000000000,2099
0.0000000000,2100
0.0000000000,2101
0.0000000000,2102
0.0000000000,2103
0.0000000000,2104
0.0178480000,2105
0.0177820000,2106
0.0355860000,2107
0.0000000000,2108
0.0177980000,2109
0.0355870000,2110
0.0891820000,2111
14.3249100000,2112
65.5363650000,2113
100.5252030000,2114
9.6070650000,2115
5.6712960000,2116
0.0000000000,2117
1.0972630000,2149
2.1700870000,2150
0.7237920000,2151
0.0709230000,2152
0.0000000000,2153
0.0000000000,2154
0.0000000000,2155
0.0000000000,2156
0.0000000000,2157
0.0000000000,2158
0.0000000000,2159
0.0000000000,2160
0.0000000000,2161
0.0000000000,2162
0.0000000000,2163
0.0000000000,2164
0.0000000000,2165
0.0000000000,2166
0.0000000000,2167
0.0000000000,2168
0.0000000000,2169
0.0000000000,2170
0.0000000000,2171
0.0000000000,2172
0.0000000000,2173
0.0177110000,2174
0.0000000000,2175
0.0176600000,2176
0.0000000000,2177
0.0000000000,2178
0.0000000000,2179
0.0000000000,2180
0.0000000000,2181
0.0000000000,2182
0.0000000000,2183
0.0000000000,2184
0.0000000000,2185
0.0000000000,2186
0.0000000000,2187
0.0000000000,2188
0.0000000000,2189
0.0000000000,2190
0.0000000000,2191
0.0000000000,2192
0.0000000000,2193
0.0000000000,2194
0.0000000000,2195
0.0176380000,2196
0.4241110000,2197
4.4464560000,2198
20.7629300000,2199
22.5129270000,2200
5.3785380000,2201
8.5202780000,2202
5.8051970000,2203
0.2126380000,2204
0.0000000000,2205
0.0000000000,2206
0.0000000000,2207
0.0000000000,2208
0.0000000000,2209
0.9924390000,2237
9.1963300000,2238
0.6514410000,2239
0.0000000000,2240
0.0000000000,2241
0.0175110000,2242
0.0000000000,2243
0.0000000000,2244
0.0000000000,2245
0.0000000000,2246
0.0000000000,2247
0.0000000000,2248
0.0000000000,2249
0.0000000000,2250
0.0000000000,2251
0.0000000000,2252
0.0000000000,2253
0.0000000000,2254
0.0000000000,2255
0.0000000000,2256
0.0000000000,2257
0.0000000000,2258
0.0000000000,2259
0.0000000000,2260
0.0000000000,2261
0.0000000000,2262
0.0000000000,2263
0.0000000000,2264
0.0000000000,2265
0.0000000000,2266
0.0000000000,2267
0.0000000000,2268
0.0000000000,2269
0.0000000000,2270
0.0000000000,2271
0.0000000000,2272
0.0000000000,2273
0.0000000000,2274
0.0000000000,2275
0.0000000000,2276
0.0000000000,2277
0.0000000000,2278
0.1052270000,2279
0.0000000000,2280
0.0000000000,2281
0.2281570000,2282
0.0175300000,2283
0.2103360000,2284
0.6099980000,2285
142.8239230000,2286
177.7553210000,2287
62.6684420000,2288
38.2425510000,2289
0.3505740000,2290
0.0703480000,2291
0.0000000000,2292
0.0000000000,2293
0.0000000000,2294
0.0000000000,2295
0.0000000000,2296
0.0000000000,2297
0.0347780000,2323
2.6288440000,2324
0.2266850000,2325
0.1740650000,2326
0.0173960000,2327
0.0000000000,2328
0.0524100000,2329
0.0000000000,2330
0.0000000000,2331
0.0000000000,2332
0.0000000000,2333
0.0000000000,2334
0.0000000000,2335
0.0000000000,2336
0.0000000000,2337
0.0000000000,2338
0.0000000000,2339
0.0000000000,2340
0.0000000000,2341
0.0000000000,2342
0.0000000000,2343
0.0000000000,2344
0.0000000000,2345
0.0000000000,2346
0.0000000000,2347
0.0000000000,2348
0.0000000000,2349
0.0174530000,2350
0.0000000000,2351
0.0000000000,2352
0.0000000000,2353
0.0000000000,2354
0.0000000000,2355
0.0000000000,2356
0.0000000000,2357
0.0000000000,2358
0.0000000000,2359
0.0000000000,2360
0.0000000000,2361
0.0000000000,2362
0.0000000000,2363
0.0000000000,2364
0.0174310000,2365
0.0000000000,2366
0.0000000000,2367
0.0174720000,2368
0.0000000000,2369
0.4531700000,2370
2.4204720000,2371
0.2787940000,2372
6.4825740000,2373
5.8441550000,2374
5.1441900000,2375
0.0174790000,2376
0.0000000000,2377
0.0000000000,2378
0.0000000000,2379
0.0000000000,2380
0.0000000000,2381
0.0000000000,2382
0.0000000000,2383
0.0000000000,2384
0.2767460000,2411
0.0000000000,2413
0.0693540000,2414
0.4860460000,2415
0.0173500000,2416
0.0000000000,2417
0.0000000000,2418
0.0173490000,2419
0.0000000000,2420
0.0000000000,2421
0.0000000000,2422
0.0000000000,2423
0.0000000000,2424
0.0000000000,2425
0.0000000000,2426
0.0000000000,2427
0.0000000000,2428
0.0000000000,2429
0.0000000000,2430
0.0000000000,2431
0.0000000000,2432
0.0000000000,2433
0.0000000000,2434
0.0000000000,2435
0.0000000000,2436
0.0000000000,2437
0.0000000000,2438
0.0000000000,2439
0.0000000000,2440
0.0000000000,2441
0.0000000000,2442
0.0000000000,2443
0.0000000000,2444
0.0000000000,2445
0.0000000000,2446
0.0000000000,2447
0.0000000000,2448
0.0000000000,2449
0.0000000000,2450
0.0000000000,2451
0.0000000000,2452
0.0000000000,2453
0.0000000000,2454
0.0173260000,2455
0.0000000000,2456
0.0000000000,2457
0.1041960000,2458
0.2603430000,2459
1.2505060000,2460
0.0000000000,2461
0.0347530000,2462
0.9470720000,2463
0.0000000000,2464
0.0000000000,2465
0.0000000000,2466
0.0000000000,2467
0.0000000000,2468
0.0000000000,2469
0.0000000000,2470
0.0000000000,2471
0.0000000000,2472
0.0000000000,2473
0.0000000000,2474
0.0000000000,2475
0.0516630000,2505
0.2058270000,2506
0.1376560000,2507
0.1545790000,2508
0.1242100000,2509
0.0000000000,2510
0.0000000000,2511
0.0000000000,2512
0.0000000000,2513
0.0172480000,2514
0.0000000000,2515
0.0000000000,2516
0.0000000000,2517
0.0000000000,2518
0.0000000000,2519
0.0000000000,2520
0.0000000000,2521
0.0000000000,2522
0.0000000000,2523
0.0000000000,2524
0.0000000000,2525
0.0000000000,2526
0.0000000000,2527
0.0000000000,2528
0.0000000000,2529
0.0000000000,2530
0.0000000000,2531
0.0000000000,2532
0.0000000000,2533
0.0000000000,2534
0.0000000000,2535
0.0000000000,2536
0.0000000000,2537
0.0000000000,2538
0.0000000000,2539
0.0000000000,2540
0.0000000000,2541
0.0000000000,2542
0.0000000000,2543
0.0000000000,2544
0.0000000000,2545
0.0000000000,2546
0.0000000000,2547
0.0000000000,2548
0.0000000000,2549
0.0000000000,2550
0.0000000000,2551
0.0000000000,2552
0.0000000000,2553
0.0000000000,2554
0.0000000000,2555
0.0000000000,2556
0.0000000000,2557
0.0000000000,2558
0.0000000000,2559
0.0000000000,2560
0.0000000000,2561
0.0000000000,2562
0.0000000000,2563
0.0000000000,2564
0.0000000000,2565
0.0000000000,2566
0.0000000000,2567
0.0000000000,2568
0.0000000000,2569
0.0000000000,2570
0.2393740000,2602
0.2899890000,2603
0.0170360000,2604
0.2213400000,2605
0.1361600000,2606
0.0000000000,2607
0.0170350000,2608
0.2884900000,2696
0.2715880000,2697
0.7265450000,2698
0.1185520000,2699
0.1520820000,2700
0.0338020000,2701
0.0169720000,2702
0.0000000000,2703
0.0000000000,2704
0.0168870000,2705
0.9483730000,2706
0.9777310000,2707
0.0338450000,2708
0.0000000000,2709
0.0000000000,2710
0.0000000000,2711
0.0000000000,2712
0.0000000000,2713
0.0000000000,2714
0.0000000000,2715
0.0000000000,2716
0.0000000000,2717
0.0000000000,2718
0.0000000000,2719
0.0000000000,2720
0.0000000000,2721
0.0000000000,2722
0.0000000000,2723
0.0000000000,2724
0.0000000000,2725
0.0000000000,2726
0.0000000000,2727
0.0000000000,2728
0.0000000000,2729
0.0000000000,2730
0.0000000000,2731
0.0000000000,2732
0.0000000000,2733
0.0000000000,2734
0.0000000000,2735
0.0000000000,2736
0.0000000000,2737
0.0000000000,2738
0.0000000000,2739
0.0000000000,2740
0.0000000000,2741
0.0000000000,2742
0.0000000000,2743
0.0000000000,2744
0.0000000000,2745
0.0000000000,2746
0.0000000000,2747
0.0000000000,2748
0.0000000000,2749
0.0000000000,2750
0.0000000000,2751
0.0000000000,2752
0.0000000000,2753
9.6111830000,2758
1.8627340000,2793
1.0401370000,2794
2.2677590000,2795
1.8672840000,2796
0.0672360000,2797
0.0167790000,2798
0.0000000000,2799
0.4548780000,2800
0.7118260000,2801
0.0000000000,2802
0.0000000000,2803
0.0000000000,2804
0.0000000000,2805
0.0000000000,2806
1.3093310000,2807
9.8684030000,2808
0.0000000000,2809
0.0000000000,2810
0.0000000000,2811
0.0000000000,2812
0.0000000000,2813
0.0000000000,2814
0.0000000000,2815
0.0000000000,2816
0.0000000000,2817
0.0000000000,2818
0.0000000000,2819
0.0000000000,2820
0.0000000000,2821
0.0000000000,2822
0.0000000000,2823
0.0000000000,2824
0.0000000000,2825
0.0000000000,2826
0.0000000000,2827
0.0000000000,2828
0.0000000000,2829
0.0000000000,2830
0.0000000000,2831
0.0000000000,2832
0.0000000000,2833
0.0000000000,2834
0.0000000000,2835
0.0000000000,2836
0.0000000000,2837
0.0000000000,2838
0.0000000000,2839
0.0000000000,2840
0.0000000000,2841
0.0000000000,2842
0.0000000000,2843
0.0000000000,2844
0.0000000000,2845
0.0000000000,2846
0.0000000000,2847
0.0000000000,2848
0.0000000000,2849
0.0000000000,2850
0.0000000000,2851
0.0000000000,2852
2.8942100000,2891
6.1858520000,2892
18.2374890000,2893
7.4183850000,2894
8.3558140000,2895
0.0000000000,2896
5.9431380000,2897
31.5594940000,2898
7.2843730000,2899
4.3011900000,2900
4.6436270000,2901
0.5841470000,2902
0.9360140000,2903
31.5787810000,2904
1.4192950000,2905
0.0000000000,2906
0.0000000000,2907
0.0000000000,2908
0.0000000000,2909
0.0000000000,2910
0.0000000000,2911
0.0000000000,2912
0.0000000000,2913
0.0000000000,2914
0.0000000000,2915
0.0000000000,2916
0.0000000000,2917
0.0000000000,2918
0.0000000000,2919
0.0000000000,2920
0.0000000000,2921
0.0000000000,2922
0.0000000000,2923
0.0000000000,2924
0.0000000000,2925
0.0000000000,2926
0.0000000000,2927
0.0000000000,2928
0.0000000000,2929
0.0000000000,2930
0.0000000000,2931
0.0000000000,2932
0.0000000000,2933
0.0000000000,2934
0.0000000000,2935
0.0000000000,2936
0.0000000000,2937
0.0000000000,2938
0.0000000000,2939
0.0000000000,2940
0.0000000000,2941
0.0000000000,2942
0.0000000000,2943
0.0000000000,2944
0.0000000000,2945
0.0000000000,2946
0.0000000000,2947
156.5571430000,2983
248.2524280000,2984
223.4321420000,2985
172.7539440000,2986
262.9503040000,2987
85.0144170000,2988
89.1751550000,2989
42.4841200000,2990
21.0531810000,2991
34.1249410000,2992
18.6983890000,2993
0.1321850000,2994
3.5963650000,2995
8.3676590000,2996
2.3331090000,2997
8.3922590000,2998
0.0000000000,2999
0.0000000000,3000
0.0000000000,3001
0.0000000000,3002
0.0000000000,3003
0.0000000000,3004
0.0000000000,3005
0.0000000000,3006
0.0000000000,3007
0.0000000000,3008
0.0000000000,3009
0.0000000000,3010
0.0000000000,3011
0.0000000000,3012
0.0000000000,3013
0.0000000000,3014
0.0000000000,3015
0.0000000000,3016
0.0000000000,3017
0.0000000000,3018
0.0000000000,3019
0.0000000000,3020
0.0000000000,3021
0.0000000000,3022
0.0000000000,3023
0.0000000000,3024
0.0166250000,3025
0.0000000000,3026
0.0000000000,3027
0.0000000000,3028
0.0000000000,3029
0.0000000000,3030
0.0000000000,3031
146.4124220000,3066
145.9241360000,3067
287.6787920000,3068
430.2446670000,3069
596.8640680000,3070
521.7148290000,3071
283.2896980000,3072
245.0117390000,3073
113.0050270000,3074
0.1972690000,3075
0.1312330000,3076
0.2133280000,3077
29.0978610000,3078
80.2477150000,3079
10.0418950000,3080
0.0000000000,3081
0.0000000000,3082
0.4746300000,3083
1.2196730000,3084
0.0000000000,3085
0.0000000000,3086
0.0000000000,3087
0.0000000000,3088
0.0000000000,3089
0.0000000000,3090
0.4459740000,3091
17.9846620000,3092
0.2130940000,3093
1.0540880000,3094
0.0000000000,3095
0.0000000000,3096
0.0000000000,3097
0.0000000000,3098
0.0000000000,3099
0.0000000000,3100
251.9552280000,3137
225.6098710000,3138
114.2919040000,3139
81.5390130000,3140
534.9571030000,3141
685.5056770000,3142
257.6949480000,3143
44.3312400000,3144
8.6207970000,3145
128.7299920000,3146
298.7394530000,3147
576.3512150000,3148
289.7840210000,3149
163.2808280000,3150
25.7781860000,3151
28.9083440000,3152
206.8792340000,3153
262.3802190000,3154
263.5103790000,3155
41.8277280000,3156
0.0000000000,3157
0.0000000000,3158
0.0326350000,3159
8.7060650000,3160
12.5275150000,3161
22.4167220000,3162
0.0980060000,3163
0.0163270000,3164
0.0000000000,3165
0.0000000000,3166
0.0000000000,3167
0.0000000000,3168
0.0000000000,3169
0.0000000000,3170
0.0000000000,3171
9.6643020000,3207
138.7672370000,3208
206.8799690000,3209
320.4275690000,3210
350.4496280000,3211
438.6662420000,3212
153.8178250000,3213
250.7071340000,3214
221.4777670000,3215
210.6522580000,3216
155.9663260000,3217
69.1532910000,3218
1.4027510000,3219
1.8033370000,3220
91.9695350000,3221
267.0724040000,3222
105.3296840000,3223
0.1635740000,3224
0.0000000000,3225
0.0000000000,3226
0.0000000000,3227
0.0000000000,3228
0.1455160000,3229
0.1290150000,3230
0.0000000000,3231
0.4358270000,3232
0.0324540000,3233
0.0000000000,3234
0.0000000000,3235
0.0000000000,3236
0.0000000000,3237
0.0000000000,3238
0.0000000000,3239
0.0000000000,3240
169.2331540000,3277
347.1864410000,3278
210.4956310000,3279
7.7083680000,3280
1.4176800000,3281
116.6502700000,3282
30.6095240000,3283
6.4672840000,3284
6.3940810000,3285
0.4978130000,3286
2.2184780000,3287
3.4222280000,3288
1.3028350000,3289
0.5388600000,3290
0.1441330000,3291
0.0000000000,3292
0.0000000000,3293
0.0000000000,3294
0.0000000000,3295
0.0000000000,3296
0.0000000000,3297
0.0000000000,3298
0.0000000000,3299
0.0000000000,3300
0.0000000000,3301
0.0000000000,3302
0.0000000000,3303
0.0000000000,3304
0.0000000000,3305
0.0000000000,3306
0.0000000000,3307
14.7193660000,3344
58.3981100000,3345
122.0965280000,3346
43.1375640000,3347
0.3189760000,3348
56.1564830000,3349
9.6433470000,3350
0.9636860000,3351
0.1432440000,3352
0.5067030000,3353
0.0000000000,3354
0.0000000000,3355
0.0000000000,3356
0.0000000000,3357
0.0000000000,3358
0.0000000000,3359
0.0000000000,3360
0.0000000000,3361
0.0000000000,3362
0.0000000000,3363
1.6304680000,3364
0.0000000000,3365
170.9709240000,3400
33.0328010000,3401
66.1534030000,3402
0.3141870000,3403
0.0058430000,3404
0.9466950000,3405
0.0000000000,3406
0.0000000000,3407
0.0000000000,3408
0.0000000000,3409
0.0000000000,3410
0.0000000000,3411
0.0000000000,3412
0.0000000000,3413
0.0000000000,3414
0.0000000000,3415
342.0321770000,3451
164.9599430000,3452
53.7787990000,3453
10.0129920000,3454
0.7122380000,3455
0.0155790000,3456
0.0000000000,3457
0.0000000000,3458
0.0000000000,3459
0.0000000000,3460
0.0000000000,3461
0.0000000000,3462
0.0000000000,3463
0.0000000000,3464
0.0000000000,3465
0.3134750000,3466
12.7581320000,3503
7.3967190000,3504
203.4812690000,3505
0.5403100000,3507
0.0308870000,3508
0.0154210000,3509
0.0000000000,3510
0.0000000000,3511
0.5047200000,3512
0.1907440000,3513
0.0000000000,3514
0.0774790000,3515
2.2979270000,3516
208.6344210000,3551
0.2306820000,3554
16.7710370000,3555
8.6741000000,3556
12.9172110000,3557
0.0000000000,3558
18.1059690000,3559
32.1643250000,3593
10.4815700000,3594
0.0340760000,2609
0.0512950000,2610
0.0682960000,2611
0.1023360000,2612
0.0000000000,2613
0.0000000000,2614
0.0000000000,2615
0.0000000000,2616
0.0000000000,2617
0.0000000000,2618
0.0000000000,2619
0.0000000000,2620
0.0000000000,2621
0.0000000000,2622
0.0000000000,2623
0.0000000000,2624
0.0000000000,2625
0.0000000000,2626
0.0000000000,2627
0.0000000000,2628
0.0000000000,2629
0.0000000000,2630
0.0000000000,2631
0.0000000000,2632
0.0000000000,2633
0.0000000000,2634
0.0000000000,2635
0.0000000000,2636
0.0000000000,2637
0.0000000000,2638
0.0000000000,2639
0.0000000000,2640
0.0000000000,2641
0.0000000000,2642
0.0000000000,2643
0.0000000000,2644
0.0000000000,2645
0.0000000000,2646
0.0000000000,2647
0.0000000000,2648
0.0000000000,2649
0.0000000000,2650
0.0000000000,2651
0.0000000000,2652
0.0000000000,2653
0.0000000000,2654
0.0000000000,2655
0.0000000000,2656
0.0000000000,2657
0.0000000000,2658
0.0000000000,2659
0.0000000000,2660
0.0000000000,2661
0.1364950000,2663
229.1606140000,494
60.8055860000,495
5.1920730000,496
5.9594190000,497
102.4741890000,556
17.4333120000,557
0.0000000000,558
0.0000000000,559
0.0000000000,560
0.0000000000,561
0.0000000000,562
0.0196920000,563
0.0196880000,564
0.1377130000,565
0.0788060000,566
0.9662270000,567
1.0183210000,568
1.6133390000,569
0.0786460000,570
81.9737070000,571
0.3919270000,629
0.1567860000,630
0.1763440000,631
0.0000000000,632
0.0391850000,633
0.0196110000,634
0.0196010000,635
0.0195820000,636
0.1373020000,637
0.0195730000,638
0.0195950000,639
0.4888860000,640
1.2308750000,641
1.1636150000,642
0.6274550000,643
0.5086460000,644
8.2571750000,645
77.0506340000,646
0.4100770000,704
0.0389960000,705
0.0000000000,706
0.0194730000,707
0.0195100000,708
0.0194830000,709
0.0000000000,710
0.0000000000,711
0.0000000000,712
0.0194730000,713
0.0000000000,714
0.6895510000,715
1.5230190000,716
0.4627810000,717
3.5521080000,718
39.0106990000,719
26.9579270000,720
21.4262040000,721
0.0193610000,781
0.0000000000,782
0.0000000000,783
0.0000000000,784
0.0000000000,785
0.1164450000,786
0.0000000000,787
0.0582270000,788
0.0776790000,789
0.0193980000,790
0.0193630000,791
0.0388390000,792
0.0194250000,793
0.0000000000,794
0.1942200000,795
0.6531580000,796
0.1746700000,797
0.0582670000,798
0.4271900000,799
95.8660950000,800
160.3216730000,801
54.2919620000,802
0.0193250000,862
0.0386970000,863
0.0386190000,864
0.0000000000,865
0.0000000000,866
0.0000000000,867
0.0000000000,868
0.0386810000,869
0.0386730000,870
0.0385410000,871
0.0965880000,872
0.0000000000,873
0.0000000000,874
0.0000000000,875
0.0000000000,876
0.0000000000,877
0.0580240000,878
0.0000000000,879
0.0000000000,880
0.0386860000,881
0.2515050000,882
30.7500210000,883
79.3592020000,884
39.2752140000,885
0.0000000000,943
0.0769300000,944
0.0577580000,945
0.0000000000,946
0.0000000000,947
0.0000000000,948
0.0000000000,949
0.0000000000,950
0.0000000000,951
0.0000000000,952
0.0000000000,953
0.0000000000,954
0.0000000000,955
0.0191850000,956
0.0000000000,957
0.0000000000,958
0.0000000000,959
0.0000000000,960
0.0576200000,961
0.0000000000,962
0.3458700000,963
0.0000000000,964
0.0000000000,965
0.0192100000,966
0.3995560000,967
10.2641950000,968
21.4189060000,969
46.6365530000,970
33.7969700000,971
45.0877800000,972
0.0000000000,1029
0.0000000000,1030
0.0000000000,1031
0.0000000000,1032
0.0000000000,1033
0.0000000000,1034
0.0000000000,1035
0.0000000000,1036
0.0000000000,1037
0.0000000000,1038
0.0000000000,1039
0.0000000000,1040
0.0000000000,1041
0.0000000000,1042
0.0000000000,1043
0.0000000000,1044
0.0000000000,1045
0.0000000000,1046
0.0000000000,1047
0.0000000000,1048
0.0000000000,1049
0.0000000000,1050
0.0000000000,1051
0.0000000000,1052
0.0000000000,1053
0.7647600000,1054
9.3581970000,1055
129.8010050000,1056
101.3943670000,1057
147.3195480000,1058
198.0414840000,1059
0.0568960000,1115
0.0000000000,1116
0.0000000000,1117
0.0189940000,1118
0.0000000000,1119
0.0000000000,1120
0.0000000000,1121
0.0000000000,1122
0.0000000000,1123
0.0000000000,1124
0.0000000000,1125
0.0000000000,1126
0.0000000000,1127
0.0000000000,1128
0.0000000000,1129
0.0000000000,1130
0.0000000000,1131
0.0000000000,1132
0.0000000000,1133
0.0000000000,1134
0.0000000000,1135
0.0000000000,1136
0.0000000000,1137
0.0000000000,1138
0.0000000000,1139
0.0000000000,1140
1.2146490000,1141
0.7034820000,1142
21.9450140000,1143
52.3691230000,1144
20.2459650000,1145
28.8941070000,1146
3.4133640000,1147
3.7866970000,1148
39.5569720000,1149
3.4056310000,1156
1.6364710000,1157
0.1893220000,1201
0.0000000000,1202
0.0000000000,1203
0.0000000000,1204
0.0000000000,1205
0.0189160000,1206
0.0000000000,1207
0.0000000000,1208
0.0000000000,1209
0.0000000000,1210
0.0000000000,1211
0.0000000000,1212
0.0000000000,1213
0.0000000000,1214
0.0000000000,1215
0.0000000000,1216
0.0000000000,1217
0.0000000000,1218
0.0000000000,1219
0.0000000000,1220
0.0000000000,1221
0.0000000000,1222
0.0377740000,1223
0.0000000000,1224
0.0378160000,1225
0.0567580000,1226
6.7504690000,1227
10.8701190000,1228
9.3378870000,1229
3.2420150000,1230
0.7820020000,1231
0.0378870000,1232
0.8714480000,1233
2.0249900000,1234
3.3949980000,1235
0.6236500000,1240
0.2462700000,1241
0.0378010000,1242
0.2077650000,1243
3.3428900000,1244
2.6001950000,1245
131.4429950000,1246
40.2679310000,1247
0.0000000000,1285
0.0000000000,1286
0.0187950000,1287
0.0000000000,1288
0.0000000000,1289
0.0000000000,1290
0.0000000000,1291
0.0000000000,1292
0.0000000000,1293
0.0000000000,1294
0.0000000000,1295
0.0000000000,1296
0.0000000000,1297
0.0000000000,1298
0.0000000000,1299
0.0000000000,1300
0.0000000000,1301
0.0000000000,1302
0.0000000000,1303
0.0000000000,1304
0.0000000000,1305
0.0000000000,1306
0.0376570000,1307
0.0188140000,1308
0.0000000000,1309
0.0000000000,1310
0.0000000000,1311
0.0000000000,1312
0.0000000000,1313
0.0000000000,1314
0.0000000000,1315
0.0000000000,1316
0.0563300000,1317
0.0000000000,1318
0.0000000000,1319
0.0000000000,1320
0.0188160000,1321
0.1692740000,1322
0.3767940000,1323
0.1506190000,1324
0.0565530000,1325
0.0000000000,1326
0.0188410000,1327
0.1129540000,1328
0.0941460000,1329
0.0000000000,1330
0.8471070000,1331
24.6027520000,1332
0.0000000000,1369
0.0000000000,1370
0.0374070000,1371
0.0000000000,1372
0.0000000000,1373
0.0000000000,1374
0.0000000000,1375
0.0000000000,1376
0.0000000000,1377
0.0000000000,1378
0.0000000000,1379
0.0000000000,1380
0.0000000000,1381
0.0000000000,1382
0.0000000000,1383
0.0000000000,1384
0.0000000000,1385
0.0559390000,1386
0.0000000000,1387
0.0000000000,1388
0.0000000000,1389
0.0000000000,1390
0.0373230000,1391
0.0000000000,1392
0.0186940000,1393
0.0562260000,1394
0.1311000000,1395
0.0000000000,1396
0.0000000000,1397
0.0000000000,1398
0.0000000000,1399
0.0000000000,1400
0.0000000000,1401
0.0373330000,1402
0.0000000000,1403
0.0000000000,1404
0.0374470000,1405
0.0000000000,1406
0.0560680000,1407
0.0000000000,1408
0.3731810000,1409
0.0746580000,1410
0.0374050000,1411
0.1121150000,1412
0.0187150000,1413
0.0187050000,1414
0.1873670000,1415
2.2089700000,1416
0.0000000000,1452
0.0000000000,1453
0.0000000000,1454
0.0000000000,1455
0.0000000000,1456
0.0000000000,1457
0.0000000000,1458
0.0000000000,1459
0.0185380000,1460
0.0000000000,1461
0.0000000000,1462
0.0000000000,1463
0.0000000000,1464
0.1118060000,1465
0.0000000000,1466
0.0000000000,1467
0.0000000000,1468
0.0000000000,1469
0.0186420000,1470
0.0000000000,1471
0.0000000000,1472
0.0000000000,1473
0.0000000000,1474
0.0000000000,1475
0.0185430000,1476
0.0000000000,1477
0.0185960000,1478
0.0000000000,1479
0.4831700000,1480
0.1114860000,1481
0.1303280000,1482
0.0000000000,1483
0.0000000000,1484
0.0186250000,1485
0.0000000000,1486
0.0185430000,1487
0.0000000000,1488
0.0000000000,1489
0.0185460000,1490
0.0000000000,1491
0.0000000000,1492
0.0000000000,1493
0.0000000000,1494
0.0185760000,1495
0.2974500000,1496
0.0929370000,1497
0.0000000000,1498
0.2420810000,1499
0.0000000000,1536
0.0000000000,1537
0.0000000000,1538
0.0000000000,1539
0.0000000000,1540
0.0184950000,1541
0.0000000000,1542
0.0000000000,1543
0.0000000000,1544
0.0000000000,1545
0.0000000000,1546
0.0000000000,1547
0.0000000000,1548
0.0000000000,1549
0.0000000000,1550
0.0000000000,1551
0.0000000000,1552
0.0000000000,1553
0.0000000000,1554
0.0000000000,1555
0.0000000000,1556
0.0369090000,1557
0.0000000000,1558
0.0000000000,1559
0.0000000000,1560
0.0185260000,1561
0.0737710000,1562
0.0000000000,1563
0.0000000000,1564
0.3148690000,1565
0.0555250000,1566
0.0740100000,1567
0.0000000000,1568
0.0000000000,1569
0.0000000000,1570
0.0000000000,1571
0.0000000000,1572
0.0000000000,1573
0.0000000000,1574
0.0000000000,1575
0.0184800000,1576
0.0000000000,1577
0.0000000000,1578
0.0369240000,1579
1.8099190000,1580
0.3879080000,1581
0.0184850000,1582
0.0000000000,1618
0.0000000000,1619
0.0000000000,1620
0.0000000000,1621
0.0000000000,1622
0.0000000000,1623
0.0000000000,1624
0.0000000000,1625
0.0000000000,1626
0.0000000000,1627
0.0000000000,1628
0.0000000000,1629
0.0000000000,1630
0.0000000000,1631
0.0000000000,1632
0.0000000000,1633
0.0000000000,1634
0.0000000000,1635
0.0000000000,1636
0.0000000000,1637
0.0000000000,1638
0.0000000000,1639
0.0000000000,1640
0.0290540000,1641
0.0075510000,1642
0.0183820000,1643
0.0000000000,1644
0.0000000000,1645
0.0000000000,1646
0.0000000000,1647
0.0000000000,1648
0.0183200000,1649
0.0000000000,1650
0.0000000000,1651
0.0000000000,1652
0.0000000000,1653
0.0000000000,1654
0.0000000000,1655
0.0000000000,1656
0.0000000000,1657
0.0183420000,1658
0.0183390000,1659
0.1067290000,1660
0.5163760000,1661
0.8801310000,1662
0.1850030000,1663
0.2940740000,1664
1.3748270000,1665
0.0000000000,1701
0.0000000000,1702
0.0000000000,1703
0.0182560000,1704
0.0000000000,1705
0.0000000000,1706
0.1462890000,1707
0.0546380000,1708
0.0000000000,1709
0.0000000000,1710
0.0000000000,1711
0.0000000000,1712
0.0000000000,1713
0.0000000000,1714
0.0000000000,1715
0.0000000000,1716
0.0000000000,1717
0.0000000000,1718
0.0000000000,1719
0.0000000000,1720
0.0000000000,1721
0.0000000000,1722
0.0000000000,1723
0.0000000000,1724
0.0000000000,1725
0.0000000000,1726
0.0000000000,1727
0.0000000000,1728
0.0182520000,1729
0.0000000000,1730
0.2009690000,1731
0.0182880000,1732
0.0000000000,1733
0.0022850000,1734
0.0728580000,1735
0.0000000000,1736
0.0000000000,1737
0.0000000000,1738
0.0000000000,1739
0.0000000000,1740
0.0000000000,1741
0.0730860000,1742
0.3473020000,1743
0.0000000000,1744
0.0183110000,1745
0.5305420000,1746
1.1138000000,1747
0.1827490000,1748
3.8931350000,1749
0.0000000000,1786
0.0000000000,1787
0.0000000000,1788
0.0000000000,1789
0.0000000000,1790
0.0000000000,1791
0.0182010000,1792
0.0000000000,1793
0.0000000000,1794
0.0000000000,1795
0.0000000000,1796
0.0000000000,1797
0.0000000000,1798
0.0000000000,1799
0.0000000000,1800
0.0000000000,1801
0.0000000000,1802
0.0000000000,1803
0.0000000000,1804
0.0000000000,1805
0.0000000000,1806
0.0000000000,1807
0.0000000000,1808
0.0000000000,1809
0.0000000000,1810
0.0000000000,1811
0.0000000000,1812
0.0000000000,1813
0.0000000000,1814
0.0000000000,1815
0.0000000000,1816
0.0000000000,1817
0.0000000000,1818
0.0000000000,1819
0.0000000000,1820
0.2707070000,1821
0.0000000000,1822
0.0000000000,1823
0.0000000000,1824
0.0000000000,1825
0.0181360000,1831
0.4345860000,1832
0.3627100000,1833
0.0181130000,1834
0.0000000000,1835
0.0179790000,1874
0.0000000000,1875
0.0179870000,1876
0.0000000000,1877
0.0000000000,1878
0.0000000000,1885
0.0000000000,1890
0.0000000000,1891
0.0000000000,1892
0.0000000000,1893
0.0000000000,1894
0.0000000000,1895
0.0000000000,1896
0.0180760000,1897
0.0000000000,1898
0.0000000000,1899
0.0000000000,1900
0.0180610000,1901
0.0000000000,1902
0.0000000000,1903
0.5060420000,1920
0.0000000000,1964
0.0536800000,1965
0.0000000000,1986
0.0000000000,1987
0.0179630000,1988
0.0000000000,1989
0.0000000000,1990
0.0000000000,1991
0.0000000000,1992
0.0000000000,1993
0.0714790000,1994
0.0000000000,2059
0.0000000000,2081
0.0000000000,2083
0.0000000000,2084
0.0177760000,2085
0.0000000000,2086
0.0000000000,2087
0.0000000000,2088
0.0526700000,2236
0.0173990000,2322
0.0866740000,2412
